Street,City,State,Zip
123 Main St,New York,NY,10001
456 Elm Street,Los Angeles,CA,90001
789 Pine Ave,Seattle,WA,98101
321 Maple Dr,Austin,TX,73301
555 Cedar Blvd,Chicago,IL,60601
999 Oak Lane,Miami,FL,33101
777 Birch Rd,Denver,CO,80201
888 Spruce Way,Boston,MA,02101
222 Walnut St,San Francisco,CA,94101
444 Cherry Ave,Portland,OR,97201
1600 Pennsylvania Ave,Washington,DC,20500
350 Fifth Ave,New York,NY,10118
233 Broadway,New York,NY,10279
1 Infinite Loop,Cupertino,CA,95014
1601 Willow Rd,Menlo Park,CA,94025
410 Terry Ave,Seattle,WA,98109
500 108th Ave,Bellevue,WA,98004
1200 Market St,Philadelphia,PA,19107
200 Independence Ave,Philadelphia,PA,19106
700 Exposition Park Dr,Los Angeles,CA,90037
100 Universal City Plaza,Universal City,CA,91608
1000 Chopper Circle,Denver,CO,80204
333 West Camden St,Baltimore,MD,21201
1 MetLife Stadium Dr,East Rutherford,NJ,07073
900 Ann St,Houston,TX,77003
501 Crawford St,Houston,TX,77002
1 AT&T Way,Arlington,TX,76011
700 Clark Ave,St Louis,MO,63102
2700 Martin Luther King Jr Blvd,Dallas,TX,75215
800 West Olympic Blvd,Los Angeles,CA,90015
601 E Kennedy Blvd,Tampa,FL,33602
100 Legends Way,Boston,MA,02114
1501 Collins Ave,Miami Beach,FL,33139
3900 N Capital of TX Hwy,Austin,TX,78746
4200 Convent St,San Antonio,TX,78207
301 W South Temple,Salt Lake City,UT,84101
1000 Elysian Park Ave,Los Angeles,CA,90012
1 Warriors Way,San Francisco,CA,94158
3939 S Figueroa St,Los Angeles,CA,90037
201 E Jefferson St,Phoenix,AZ,85004
600 E Grand Ave,Des Moines,IA,50309
401 Biscayne Blvd,Miami,FL,33132
420 Fifth Ave,New York,NY,10018
111 Monument Circle,Indianapolis,IN,46204
100 Joe Nuxhall Way,Cincinnati,OH,45202
2001 Blake St,Denver,CO,80205
501 Chicago Ave,Minneapolis,MN,55415
1 Aloha Stadium,Honolulu,HI,96818
333 W 35th St,Chicago,IL,60616
800 W Katella Ave,Anaheim,CA,92802
1000 Broadway,Nashville,TN,37203
150 Southeastern Ave,Indianapolis,IN,46204
200 E Pratt St,Baltimore,MD,21202
700 Stadium Dr,Inglewood,CA,90301
5 Penn Plaza,New York,NY,10001
100 N Riverside Plaza,Chicago,IL,60606
200 Peachtree St,Atlanta,GA,30303
75 Piedmont Ave,Atlanta,GA,30303
3500 Porsche Way,Atlanta,GA,30354
191 Peachtree St,Atlanta,GA,30303
400 Broad St,Nashville,TN,37201
505 Deaderick St,Nashville,TN,37243
116 5th Ave,Nashville,TN,37219
700 Broadway,Nashville,TN,37203
250 Commerce St,Nashville,TN,37201
501 Broadway,Nashville,TN,37203
1000 S Capital of TX Hwy,Austin,TX,78746
900 S Lamar Blvd,Austin,TX,78704
1100 Congress Ave,Austin,TX,78701
300 E Riverside Dr,Austin,TX,78704
401 Congress Ave,Austin,TX,78701
600 Congress Ave,Austin,TX,78701
200 Academy Dr,Austin,TX,78704
100 Red River St,Austin,TX,78701
2200 Ben White Blvd,Austin,TX,78741
1 Hacker Way,Menlo Park,CA,94025
1600 Amphitheatre Pkwy,Mountain View,CA,94043
500 Terry Francois St,San Francisco,CA,94158
345 Spear St,San Francisco,CA,94105
1 Market St,San Francisco,CA,94105
55 Cyril Magnin St,San Francisco,CA,94102
101 California St,San Francisco,CA,94111
50 Fremont St,San Francisco,CA,94105
600 Montgomery St,San Francisco,CA,94111
425 Market St,San Francisco,CA,94105
799 Market St,San Francisco,CA,94103
44 Montgomery St,San Francisco,CA,94104
100 Pine St,San Francisco,CA,94111
200 Bush St,San Francisco,CA,94104
301 Howard St,San Francisco,CA,94105
300 Lakeside Dr,Oakland,CA,94612
1111 Broadway,Oakland,CA,94607
250 Frank Ogawa Plaza,Oakland,CA,94612
100 Grand Ave,Oakland,CA,94610
200 Broadway,Oakland,CA,94607
3001 Telegraph Ave,Oakland,CA,94609
1001 16th St,Sacramento,CA,95814
500 David J Stern Walk,Sacramento,CA,95814
1215 K St,Sacramento,CA,95814
400 Capitol Mall,Sacramento,CA,95814
621 Capitol Mall,Sacramento,CA,95814
300 Capitol Mall,Sacramento,CA,95814
1325 J St,Sacramento,CA,95814
1100 O St,Sacramento,CA,95814
1501 Mariposa St,San Francisco,CA,94107
100 S Charles St,Baltimore,MD,21201
300 E Lombard St,Baltimore,MD,21202
501 E Pratt St,Baltimore,MD,21202
111 S Calvert St,Baltimore,MD,21202
100 International Dr,Baltimore,MD,21202
400 E Pratt St,Baltimore,MD,21202
250 W Pratt St,Baltimore,MD,21201
1 E Chase St,Baltimore,MD,21202
700 E Pratt St,Baltimore,MD,21202
100 Light St,Baltimore,MD,21202
401 E Pratt St,Baltimore,MD,21202
10 E Baltimore St,Baltimore,MD,21202
200 W Baltimore St,Baltimore,MD,21201
300 W Fayette St,Baltimore,MD,21201
500 E Saratoga St,Baltimore,MD,21202
100 N Eutaw St,Baltimore,MD,21201
15 W Mulberry St,Baltimore,MD,21201
200 N Charles St,Baltimore,MD,21201
211 E Lombard St,Baltimore,MD,21202
250 S President St,Baltimore,MD,21202
700 Constitution Ave,Washington,DC,20408
600 14th St,Washington,DC,20005
300 New Jersey Ave,Washington,DC,20001
401 F St,Washington,DC,20001
1050 Thomas Jefferson St,Washington,DC,20007
1100 New York Ave,Washington,DC,20005
1300 I St,Washington,DC,20005
555 11th St,Washington,DC,20004
300 D St,Washington,DC,20001
700 12th St,Washington,DC,20005
900 Ohio Dr,Washington,DC,20024
100 Raoul Wallenberg Pl,Washington,DC,20024
145 N Michigan Ave,Chicago,IL,60601
111 S Michigan Ave,Chicago,IL,60603
200 E Randolph St,Chicago,IL,60601
55 E Monroe St,Chicago,IL,60603
77 W Wacker Dr,Chicago,IL,60601
200 N LaSalle St,Chicago,IL,60601
233 S Wacker Dr,Chicago,IL,60606
875 N Michigan Ave,Chicago,IL,60611
401 N Wabash Ave,Chicago,IL,60611
500 W Madison St,Chicago,IL,60661
100 W Randolph St,Chicago,IL,60601
300 S Riverside Plaza,Chicago,IL,60606
10 S Dearborn St,Chicago,IL,60603
350 N Clark St,Chicago,IL,60654
1 N State St,Chicago,IL,60602
550 W Adams St,Chicago,IL,60661
120 N Racine Ave,Chicago,IL,60607
55 W Monroe St,Chicago,IL,60603
600 S Michigan Ave,Chicago,IL,60605
1 S Wacker Dr,Chicago,IL,60606
75 E Lower Wacker Dr,Chicago,IL,60601
100 Summer St,Boston,MA,02110
75 State St,Boston,MA,02109
200 Clarendon St,Boston,MA,02116
800 Boylston St,Boston,MA,02199
1 Congress St,Boston,MA,02114
100 Cambridge St,Boston,MA,02114
1 City Hall Sq,Boston,MA,02201
100 Federal St,Boston,MA,02110
200 State St,Boston,MA,02109
500 Atlantic Ave,Boston,MA,02210
100 Northern Ave,Boston,MA,02210
1 International Pl,Boston,MA,02110
300 Longwood Ave,Boston,MA,02115
25 New Chardon St,Boston,MA,02114
100 High St,Boston,MA,02110
1 Beacon St,Boston,MA,02108
20 Park Plaza,Boston,MA,02116
125 Summer St,Boston,MA,02110
250 Stuart St,Boston,MA,02116
400 Atlantic Ave,Boston,MA,02110
200 Clarendon St,Boston,MA,02116
700 Atlantic Ave,Boston,MA,02111
1 Federal St,Boston,MA,02110
100 Pearl St,Hartford,CT,06103
185 Asylum St,Hartford,CT,06103
30 Lewis St,Hartford,CT,06103
250 Constitution Plaza,Hartford,CT,06103
100 Constitution Plaza,Hartford,CT,06103
1 Financial Plaza,Hartford,CT,06103
999 Asylum Ave,Hartford,CT,06105
100 Riverview Center,Middletown,CT,06457
185 Main St,New Britain,CT,06051
400 Main St,Stamford,CT,06901
1 Landmark Sq,Stamford,CT,06901
100 Prospect St,Stamford,CT,06901
700 Canal St,Stamford,CT,06902
50 Washington St,Norwalk,CT,06854
100 Wells St,Hartford,CT,06103
900 Bay St,Texas City,TX,77590
123 Gulf Blvd,Texas City,TX,77590
